name,status,description,start_date,end_date,requirements,funding,contact,url
Investissements Interrégionaux en matière d'Innovation (3I),open,"L'appel à projets Investissements interrégionaux en matière d'innovation (I3) vise à soutenir des innovations sur le marché à des niveaux de préparation technologique élevés (TRL 6-9). Seront financées des activités de commercialisation permettant de mettre sur le marché des idées et des produits innovants, bancs d'essai et activités de post-prototypage, validation et essais en environnement réel dans les entreprises (démonstration, activités d'innovation développées avec les utilisateurs finaux). Ce dispositif est divisé en 2 volets principaux : Volet 1 : Soutien financier/Investissements dans des projets d'innovation interrégionaux matures/chaînes de valeur déjà existantes Volet 2 : Soutien financier pour développer des chaînes de valeur dans des régions moins développées.",17 May 2023,17 October 2023,"- The project must support innovations with high technological readiness levels (TRL 6-9).
- The activities funded should focus on commercialization, bringing innovative ideas and products to the market, as well as testing and validation in real-life environments.
- The project is divided into two main components: supporting mature interregional innovation projects/value chains, and supporting the development of value chains in less developed regions.
- The projects must choose one of the three thematic areas: green transition, smart manufacturing, or digital transition.
- The funding is provided by the European Regional Development Fund (FEDER), with a total budget of 78 million euros for the year 2023.
- The maximum grant amount per selected project ranges from 2 to 10 million euros.
- The deadline for project applications is from May 17, 2023, to October 17, 2023.",3782023,NA,https://www.europeenauvergnerhonealpes.fr/aides-europeennes/candidater-investissements-interregionaux-en-matiere-d-innovation-3i
Lutter contre l'érosion de la biodiversité et la dégradation des écosystèmes dans le Massif des Alpes,open,"Ce projet vise à lutter contre l'érosion de la biodiversité et la dégradation des écosystèmes dans le Massif des Alpes. Il soutient des projets dans les domaines de la biodiversité et de la protection des écosystèmes, en favorisant le partage de connaissances, la mutualisation de moyens et la réalisation d'actions concrètes dans la restauration et la préservation des espèces et des milieux.",21 July 2022,12 July 2024,"- Support projects in the fields of biodiversity and ecosystem protection
- Share knowledge and resources
- Undertake concrete actions in the restoration and preservation of species and habitats
- Only the departments of Drôme, Isère, Savoie, and Haute-Savoie in the Auvergne-Rhône-Alpes region are eligible
- Applications can be submitted from July 21, 2022, to July 12, 2024.",NA,"Contact information: 

Région Sud - Provence-Alpes-Côte d’Azur 
101 cours Charlemagne 
CS 20033 
69269 LYON CEDEX 02 
France",https://www.europeenauvergnerhonealpes.fr/aides-europeennes/lutter-contre-l-erosion-de-la-biodiversite-et-la-degradation-des-ecosystemes-dans
Interreg SUDOE,open,"L'action d'appui à l'émergence de projets transnationaux dans le cadre du programme Interreg SUDOE vise à fournir une expertise technique et à faciliter la mise en réseau entre régions. L'objectif est de structurer des partenariats entre les régions concernées par le deuxième appel à projets. Ce programme a 4 priorités et 9 objectifs spécifiques, notamment la préservation du capital naturel, la promotion de la cohésion sociale et territoriale, et le renforcement des capacités d'impact. Le montant total du soutien prévu pour cet appel à projets est de 98 millions d'euros. Les candidats éligibles doivent inclure au moins un chef de file et un partenaire français provenant de deux des trois régions éligibles du programme. Les candidatures peuvent être déposées jusqu'au 15 septembre 2023.",08 June 2023,15 September 2023,"- Chaque proposition doit intégrer a minima un chef de file et un partenaire français émanant de 2 des 3 régions éligibles du programme.
- La proposition doit être portée par des structures publiques ou privées à but non lucratif situées dans une région française de l’espace de coopération Sud-ouest européen.
- Les entreprises peuvent s’associer à un projet dans le cadre de cette action mais ne peuvent pas soumettre de proposition.
- Les territoires éligibles sont : Auvergne, Nouvelle Aquitaine, Occitanie, Espagne métropolitaine (y compris l’archipel des Baléares), Portugal métropolitain, Principauté d’Andorre.
- Les propositions doivent être envoyées au format numérique, aux correspondants régionaux.
- Il y a un montant global du soutien prévu de l'appel à projets qui s'élève à 98 millions d’euros.
- Les préfectures de région et les conseils régionaux des régions concernées s'engagent dans une action d’appui à l’émergence de projets transnationaux.
- L'action d'appui consiste en l’apport d’une expertise technique ciblée et la mise en réseau et l’échange entre pairs pour structurer des partenariats entre régions.
- Il y aura un accompagnement personnalisé et des ateliers thématiques collectifs à l’automne 2023.
- Le programme Interreg SUDOE a sélectionné 4 priorités déclinées en 9 objectifs spécifiques.",98,"Contact : Sylvain GUÉTAZ - Chargé de mission Coopérations européennes
Direction des relations internationales
04 26 73 54 83
sylvain.guetaz@auvergnerhonealpes.fr",https://www.europeenauvergnerhonealpes.fr/aides-europeennes/faciliter-l-emergence-de-projets-transnationaux-interreg-sudoe
Initiative urbaine européenne,open,"Cet appel à propositions financera des projets innovants dans les villes européennes qui se concentrent sur les villes vertes, le tourisme durable et les talents dans les villes en décroissance. L'objectif est que les villes expérimentent et proposent de nouvelles solutions en matière d'infrastructures vertes, de transformation verte et numérique, de résilience de l'écosystème touristique et d'attraction des talents.",31 May 2023,05 October 2023,"- The project must focus on innovative solutions in European cities.
- The project should prioritize the following themes: Green Cities, Sustainable Tourism, and Talent in shrinking cities.
- The project should propose new solutions in green and digital infrastructure, green transformation, resilience of the tourism ecosystem, and attracting talent.
- Each project may receive up to 5 million euros in FEDER co-financing.
- The implementation of the project must be completed within a maximum of 42 months.
- Eligible applicants are urban authorities or groups of urban authorities with a minimum population of 50,000 inhabitants.
- The deadline for submitting applications is October 5, 2023, at 14:00.
- There will be several online sessions for questions and answers, as well as individual meetings for potential candidates.
- The project should align with the goals of the European Urban Initiative.
- Previous urban solutions funded by the European Urban Initiative can be viewed in the project gallery.",5,"Contactez la Région
101 cours Charlemagne
CS 20033
69269 LYON CEDEX 02
France",https://www.europeenauvergnerhonealpes.fr/aides-europeennes/proposer-des-actions-innovantes-pour-l-initiative-urbaine-europeenne
Renforcer l’attractivité touristique du Massif central,NA,"Le projet vise à renforcer l'attractivité touristique du Massif central en encourageant le développement local social, économique et environnemental, ainsi que la culture, le patrimoine naturel, le tourisme durable et la sécurité. Les candidats éligibles comprennent les collectivités territoriales, les associations, les établissements publics, les PME, les syndicats professionnels, les syndicats mixtes, les parcs naturels régionaux et les organismes de tourisme.",NA,NA,"- Encourager le développement local social, économique et environnemental intégré et inclusif
- Promouvoir la culture, le patrimoine naturel et le tourisme durable dans les zones non urbaines
- Candidats éligibles : collectivités territoriales, associations, établissements publics, PME, syndicats professionnels, syndicats mixtes, parcs naturels régionaux, offices de tourisme, agences départementales du tourisme, comités départementaux du tourisme, Auvergne-Rhône-Alpes Tourisme, Comité Régional du Tourisme et des Loisirs Occitanie, Comité Régional du Tourisme Bourgogne Franche-Comté, Comité Régional du Tourisme Nouvelle Aquitaine
- Territoires éligibles : Massif central
- Date de dépôt des candidatures : ouvert
- Procédure de demande d'aide : contacter l'autorité de gestion avant le dépôt du dossier",NA,"Contact:
Région Auvergne-Rhône-Alpes | Direction des Fonds Européens
101 cours Charlemagne
CS 20033
69269 LYON CEDEX 02
France",https://www.europeenauvergnerhonealpes.fr/aides-europeennes/renforcer-l-attractivite-touristique-du-massif-central-domota7525
Accompagner et appuyer le développement des structures de santé pour améliorer l’accès aux soins (DOMO_TA_9.4.11.3),NA,Le FSE+ vise à renforcer l’accès aux soins pour tous en favorisant un meilleur maillage territorial de l’offre de soins.,NA,NA,"- Renforcer l'accès aux soins pour tous
- Favoriser un meilleur maillage territorial de l'offre de soins
- Être un établissement de santé, un établissement scolaire ou d'enseignement supérieur, une structure sanitaire de santé, une collectivité territoriale ou son groupement, une communauté professionnelle des territoires de santé (CPTS), une association, une maison ou un pôle de santé, un centre de santé, un service départemental d'incendie et de secours (SDIS), un groupement d'intérêt public ou une autre structure contribuant à un meilleur maillage de l'offre de soins, ou un acteur du secteur social et médico-social
- Être situé en Région Auvergne-Rhône-Alpes
- Contacter l'autorité de gestion avant tout dépôt de dossier pour vérifier l'éligibilité du projet et être accompagné
- Déposer la demande sur le portail e-synergie",NA,"Contact: Région Auvergne-Rhône-Alpes | Direction des Fonds Européens
101 cours Charlemagne
CS 20033
69269 LYON CEDEX 02
France",https://www.europeenauvergnerhonealpes.fr/aides-europeennes/accompagner-et-appuyer-le-developpement-des-structures-de-sante-pour-ameliorer-l
"Sensibiliser, informer et prévenir les publics sur l’éducation à la santé (DOMO_TA_9.4.11.2)",NA,"Le projet vise à soutenir les actions en faveur de l'amélioration de la santé pour tous grâce à différentes actions de prévention, d'éducation et d'accompagnement.",NA,NA,"- The project must aim to improve health through prevention, education, and support.
- Eligible candidates include schools, higher education institutions, training institutions (including those in the healthcare sector), healthcare facilities, employment and guidance actors, local authorities and their associations, prevention centers, and actors in the social and healthcare sector.
- The project must be located in the Auvergne-Rhône-Alpes region.
- Interested parties must contact the managing authority before submitting their application to verify the eligibility of their project and receive support.
- Applications must be submitted through the e-synergie portal.
- The project must comply with the guidelines outlined in the Document de Mise en Œuvre (DOMO).
- Contact information for the regional authority and relevant resources can be found on the website.
- The project must meet the requirements set by the European funding program FSE+.
- The application deadline is open.
- The project must align with the thematic areas of health, healthcare accessibility, and information, awareness, and education about health.",NA,"Contact:
Région Auvergne-Rhône-Alpes
Direction des Fonds Européens
Email: NA
Phone: NA
Address: 101 cours Charlemagne, CS 20033, 69269 LYON CEDEX 02, France",https://www.europeenauvergnerhonealpes.fr/aides-europeennes/sensibiliser-informer-et-prevenir-les-publics-sur-l-education-la-sante
Soutenir les mesures d’efficacité énergétique dans la rénovation et la construction des bâtiments (DOMO_TA_2.2.1.2),NA,La description du projet est de soutenir les mesures d'efficacité énergétique dans la rénovation et la construction des bâtiments dans le cadre du programme régional FEDER/FSE+/FTJ 2021-2027.,NA,NA,"- Réduire de 30 % les consommations énergétiques par habitant par rapport à 2015
- Soutenir la rénovation thermique des bâtiments du secteur résidentiel social et privé
- Soutenir les mesures d'efficacité énergétique dans la rénovation et la construction des bâtiments tertiaires
- Collectivités territoriales (hors métropoles), leurs groupements, leurs opérateurs et leurs mandataires (y compris Grandes Entreprises), Associations loi 1901 propriétaires de bâtiment d'enseignement sous contrat avec l'Etat, Etablissement public à caractère scientifique et culturel (université), Services Départementaux d'Incendie et de Secours (SDIS), Etablissements publics de santé sont éligibles
- Contactez l'autorité de gestion avant tout dépôt de dossier pour vérifier l'éligibilité de votre projet et être accompagné
- Déposez votre demande sur le portail e-synergie
- Téléchargez le Document de Mise en Œuvre (DOMO) correspondant
- Région Auvergne-Rhône-Alpes | Direction des Fonds Européens | Contactez la Région",NA,NA,https://www.europeenauvergnerhonealpes.fr/aides-europeennes/soutenir-les-mesures-d-efficacite-energetique-dans-la-renovation-et-la
Réduire et valoriser les déchets (DOMO_TA_2.2.6.1),NA,L’objectif spécifique 2.6 du FEDER est de contribuer à la stratégie économie circulaire de la région Auvergne-Rhône-Alpes. Il vise le volet déchets via la réduction et la valorisation de ceux-ci.,NA,NA,"- The objective of the project is to contribute to the circular economy strategy of the Auvergne-Rhône-Alpes region through waste reduction and valorization.
- Eligible candidates include SMEs, large companies with a mandate from a local authority, and territorial communities, their associations, and operators.
- The project must be submitted through the e-synergie portal.
- Before submitting the project, contact the managing authority to verify the eligibility and receive support.
- The project should focus on environmental and climate issues, specifically on waste recycling and valorization.",NA,"Contactez la Région Auvergne-Rhône-Alpes | Adresse : 101 cours Charlemagne, CS 20033, 69269 LYON CEDEX 02, France.",https://www.europeenauvergnerhonealpes.fr/aides-europeennes/reduire-et-valoriser-les-dechets-domota2261
Appuyer les projets expérimentaux dans le domaine énergétique (DOMO_TA_2.2.2.2),NA,"The project aims to support experimental projects in the energy sector, specifically in the production, storage, and distribution of renewable energies such as methanization, solar thermal, and hydrogen. The goal is to achieve a 54% increase in renewable energy production by 2030. The project is eligible for various entities including public organizations, territorial communities, associations, and small and medium-sized enterprises. The application process involves contacting the managing authority to verify project eligibility and receive assistance, followed by submitting the application through the e-synergie portal. The project falls under the Regional FEDER/FSE+/FTJ 2021-2027 program and is managed by the Auvergne-Rhône-Alpes region.",NA,NA,"- The project should support experimental projects in the energy sector
- The project should contribute to the production, storage, and distribution of renewable energies
- Eligible candidates include public organizations, territorial collectives, public establishments, mobility organizers, associations, mixed economy companies, and small and medium-sized enterprises
- The project should be submitted through the e-synergie portal
- Contact the regional authority for eligibility verification and support before submitting the application",NA,Contactez la Région Auvergne-Rhône-Alpes | Direction des Fonds Européens.,https://www.europeenauvergnerhonealpes.fr/aides-europeennes/appuyer-les-projets-experimentaux-dans-le-domaine-energetique-domota2222
Accompagner les projets de recherche et de développement (DOMO_TA_1.1.1.1),NA,"Le projet vise à renforcer la production de connaissances et d'innovations des offreurs publics de recherche et de technologie, ainsi que leur transfert effectif dans les entreprises, dans le but de créer de la valeur et des emplois. Cela peut se faire soit par le transfert vers les entreprises existantes, en particulier les PME régionales, grâce à des installations technologiques et d'innovation, soit par la création d'entreprises basées sur des technologies de rupture.",NA,NA,"- The project should focus on research and innovation.
- The goal is to strengthen the production of knowledge and innovations.
- The transfer of knowledge and technology to businesses is essential.
- Value creation and job creation are important outcomes.
- The project should either transfer knowledge and technology to existing businesses, particularly regional SMEs, or create new businesses based on disruptive technologies.
- Eligible candidates include research and knowledge dissemination organizations, as well as different sizes of businesses.
- The project should be located in the Auvergne-Rhône-Alpes region.
- Applicants must contact the managing authority to verify project eligibility and receive support.
- The application should be submitted through the e-synergie portal.
- Additional resources and contacts are available from the Auvergne-Rhône-Alpes Region's European Funds Department.",NA,"Contactez la Région Auvergne-Rhône-Alpes | Direction des Fonds Européens, 101 cours Charlemagne, CS 20033, 69269 LYON CEDEX 02, France.",https://www.europeenauvergnerhonealpes.fr/aides-europeennes/accompagner-les-projets-de-recherche-et-de-developpement-domota1111
Soutenir et développer les infrastructures de RDI et les pôles d’innovation (DOMO_TA_1.1.1.2),NA,"Le projet vise à soutenir et développer les infrastructures de recherche et développement (RDI) ainsi que les pôles d'innovation. Le financement est assuré par le Fonds européen de développement régional (FEDER) et concerne des équipements de recherche et de développement justifiés par une stratégie d'excellence. Ces infrastructures sont principalement destinées à la recherche fondamentale, mais peuvent également offrir des services aux entreprises. Les candidats éligibles sont les organismes de recherche et de diffusion des connaissances ainsi que les pôles d'innovation. Le territoire éligible est la région Auvergne-Rhône-Alpes. Le dépôt des candidatures est ouvert et la procédure de demande d'aide se fait via le portail e-synergie.",NA,NA,"- The project should be justified by a strategy of excellence in research.
- The project should finance research equipment and R&D facilities.
- The infrastructure should be primarily intended for research, but can also offer services to businesses.
- The project should develop technologies that are of economic interest to businesses.
- Eligible applicants include research and knowledge dissemination organizations, innovation clusters, and eligible territories.
- The project must be submitted through the e-synergie portal.
- Applicants should contact the managing authority before submitting their application to verify eligibility and receive support.
- The region's document of implementation (DOMO) corresponding to the project can be downloaded.
- The project must be submitted to the Region Auvergne-Rhône-Alpes | Direction des Fonds Européens.
- The project should align with the objectives of the European funding programs.
- Information on European funds, programs, calls for projects, and beneficiary profiles can be accessed.
- The project must go through the funding application process and can be followed through the funding process.
- The project may require communication activities and a request for payment.
- The project can be accessed through the e-synergie portal.
- The project should adhere to accessibility and data privacy requirements.
- The website mentions the use of cookies, implying that the project should comply with cookie management regulations.",NA,Contactez la Région Auvergne-Rhône-Alpes | Direction des Fonds Européens.,https://www.europeenauvergnerhonealpes.fr/aides-europeennes/soutenir-et-developper-les-infrastructures-de-rdi-et-les-poles-d-innovation
Accompagner la valorisation et le transfert de technologies par la création d’entreprises de haute technologie issues des organismes de recherche (DOMO_TA_1.1.1.3),NA,Le projet vise à accompagner la valorisation et le transfert de technologies par la création d'entreprises de haute technologie issues des organismes de recherche.,NA,NA,"- Support activities for technological-economic maturation
- Transfer of innovative technologies from research laboratories
- Creation of high-tech companies
- Valorization of Intellectual Property
- Mobilization of resources and skills
- Mutualization of structures
- Emergence of high-tech business projects
- Eligible candidates: Technology Transfer Acceleration Companies or research valorization subsidiaries supported by the national valorization fund",NA,Contactez la Région Auvergne-Rhône-Alpes | Direction des Fonds Européens.,https://www.europeenauvergnerhonealpes.fr/aides-europeennes/accompagner-la-valorisation-et-le-transfert-de-technologies-par-la-creation-d
Animate the regional innovation strategy (DOMO_TA_1.1.1.4),NA,"La région Auvergne-Rhône-Alpes pilote la stratégie régionale d'innovation grâce au soutien du FEDER. L'objectif est de mettre en réseaux les acteurs économiques et les acteurs de la recherche et de l'innovation. Les candidats éligibles sont les pôles de compétitivité, les clusters, les pôles d'innovation ayant une personnalité juridique, la région, les associations et les territoires éligibles. Les candidatures peuvent être déposées sur le portail e-synergie. Il est recommandé de contacter l'autorité de gestion avant de déposer un dossier pour vérifier l'éligibilité du projet et être accompagné dans la procédure de demande d'aide.",NA,NA,"- The project must aim to animate and involve economic actors and actors in research and innovation.
- Eligible candidates include competitiveness clusters, innovation hubs with legal personality, the region, and associations.
- Applicants must contact the managing authority before submitting their application to verify the eligibility of their project and receive support.
- Applications must be submitted through the e-synergie portal.
- The project must align with the objectives of the Regional Operational Program for the European Regional Development Fund (FEDER) and other relevant European funds.
- The project must be located in the Auvergne-Rhône-Alpes region in France.",NA,Contactez la Région Auvergne-Rhône-Alpes | Direction des Fonds Européens.,https://www.europeenauvergnerhonealpes.fr/aides-europeennes/animer-la-strategie-regionale-d-innovation-domota1114
Accompagner les entreprises dans leurs transformations digitales (DOMO_TA_1.1.2.1),NA,"Le projet consiste à accompagner les entreprises dans leur transformation digitale en finançant des services et produits numériques favorisant le développement touristique et l'attractivité régionale. Les candidats éligibles incluent les collectivités territoriales, les PME, les établissements publics, les associations, les chambres consulaires, les agences publiques, les organismes de formation, les structures ou groupements labélisés Digital Innovation Hub - e-DIH, ainsi que les comités régionaux et départementaux du tourisme et les offices touristiques. Les dépôts de candidatures sont ouverts et il est recommandé de contacter l'autorité de gestion avant de soumettre un dossier pour vérifier l'éligibilité du projet.",NA,NA,"- The project should focus on the digital transformation of businesses.
- The project should aim to develop digital services and products for tourism and regional attractiveness.
- Eligible candidates for funding include: local authorities, SMEs, public establishments, associations, chambers of commerce, public agencies, training organizations, Digital Innovation Hub structures or groups, regional and departmental tourism committees, and tourist offices.
- The project must be submitted through the e-synergie portal.
- It is recommended to contact the managing authority before submitting a project to verify eligibility and receive support.
- The regional contact for the European Funds is the Auvergne-Rhône-Alpes Regional Direction for European Funds.
- The Document of Implementation (DOMO) corresponding to the project can be downloaded.
- The project should be located in the eligible territories of Auvergne-Rhône-Alpes.
- The project should align with the objectives of the FEDER funding program.
- The application period for funding is currently open.
- The project should be in line with the thematic areas of digital and digital transformation of businesses.
- The project should contribute to the development of tourism and regional attractiveness.
- The project should benefit users and support programs promoting digital transformation of businesses.",NA,Contactez la Région Auvergne-Rhône-Alpes | Direction des Fonds Européens.,https://www.europeenauvergnerhonealpes.fr/aides-europeennes/accompagner-les-entreprises-dans-leurs-transformations-digitales-domota1121
"Développer les services numériques permettant d’améliorer la relation entre administrations publiques et usagers dans les domaines de la santé, de l’éducation, de la mobilité (DOMO_TA_1.1.2.2)",NA,"The project aims to develop digital services and applications for citizens, businesses, and public authorities in the areas of health, education, and mobility.",NA,NA,"- Develop digital services to improve the relationship between public administrations and users in the fields of health, education, and mobility.
- Eligible candidates include territorial collectivities, their groups and operators, the state, public establishments, associations, and businesses.
- Contact the managing authority to verify the eligibility of the project and receive support before submitting the application.
- Submit the application through the e-synergy portal.
- Download the corresponding implementation document (DOMO).
- The project must be aimed at developing digital services and uses for citizens, businesses, and public authorities.",NA,"Région Auvergne-Rhône-Alpes
Direction des Fonds Européens
101 cours Charlemagne
CS 20033
69269 LYON CEDEX 02
France",https://www.europeenauvergnerhonealpes.fr/aides-europeennes/developper-les-services-numeriques-permettant-d-ameliorer-la-relation-entre
Soutenir le développement des PME (DOMO_TA_1.1.3.2),NA,"Le projet vise à soutenir le développement, l'innovation et l'adaptation des entreprises afin qu'elles puissent proposer une offre distincte de leurs concurrents et répondre aux besoins du marché.",NA,NA,"- The project must aim to strengthen the development, innovation, and adaptability of companies.
- The project must enable companies to offer a unique and competitive product or service that meets market needs.
- Eligible candidates include intermediate financial institutions, local authorities and their operators, associations, chambers of commerce, and SMEs.
- The project must be located in the Auvergne-Rhône-Alpes region.
- Interested parties must contact the managing authority before submitting their application to verify the eligibility of their project.
- Applications must be submitted through the e-synergie portal.
- The project must align with the objectives and themes of the European Regional Development Fund (ERDF).
- The region provides resources and contacts for assistance in applying for funding.
- The region also provides a downloadable Document of Implementation (DOMO) for reference.
- There are additional sections on other services and needs related to European funds, but they are not requirements for the project.",NA,Région Auvergne-Rhône-Alpes,https://www.europeenauvergnerhonealpes.fr/aides-europeennes/soutenir-le-developpement-des-pme-domota1132
Soutenir la rénovation énergétique des logements (DOMO_TA_2.2.1.1),NA,Soutenir la rénovation énergétique des logements sociaux en Auvergne-Rhône-Alpes par le biais du Fonds européen de développement régional (FEDER). Objectif : améliorer les performances énergétiques du parc locatif social de la région. Bailleurs sociaux peuvent soumettre leur candidature. Date limite de dépôt des candidatures à vérifier auprès de l'autorité de gestion. Programme géré par la Région Auvergne-Rhône-Alpes. Contacts et ressources disponibles sur le site de la Région.,NA,NA,"- The project aims to support the thermal renovation of buildings in the social residential sector.
- Eligible candidates are social landlords defined by the Construction and Housing Code.
- The project must be located in the Auvergne-Rhône-Alpes region.
- Interested parties must contact the managing authority to verify project eligibility and receive guidance.
- The application must be submitted through the e-synergie portal.",NA,Contactez la Région Auvergne-Rhône-Alpes | Direction des Fonds Européens.,https://www.europeenauvergnerhonealpes.fr/aides-europeennes/soutenir-la-renovation-energetique-des-logements-domota2211
Développer les énergies renouvelables (DOMO_TA_2.2.2.1),NA,"Le projet vise à accompagner la création d'unités de méthanisation territoriales qui valorisent le biogaz par cogénération ou injection de biométhane dans les réseaux de gaz naturel. Cela inclut notamment la valorisation des boues de stations d'épuration, des biodéchets des collectivités, des industries agroalimentaires et de la restauration collective, en complément des déchets agricoles. Les candidats éligibles comprennent les organismes publics, les collectivités territoriales et leurs groupements, les syndicats d'énergie, les sociétés d'économie mixte, à l'exclusion des PME et des entreprises agricoles individuelles.",NA,NA,"- The project should focus on the development of renewable energies, specifically the creation of territorial methanization units.
- The methanization units should valorize biogas through cogeneration or injection of biomethane into natural gas networks.
- Eligible candidates include public organizations, territorial collectives, energy unions, mixed economy companies, and syndicates.
- Partners in a collaborative operation must submit their own requests for funding.
- The project should be implemented in the Auvergne-Rhône-Alpes region.
- Applicants should contact the managing authority to verify project eligibility and receive support.
- Applications must be submitted through the e-synergie portal.
- The project should comply with the guidelines outlined in the Document of Implementation (DOMO).
- The project has an open application period, but it is recommended to contact the managing authority before submitting a proposal.
- The Region Auvergne-Rhône-Alpes provides resources and contacts for further information and support.",NA,NA,https://www.europeenauvergnerhonealpes.fr/aides-europeennes/developper-les-energies-renouvelables-domota2221
Accompagner les actions de préservation et de restauration des infrastructures vertes et bleues,NA,"Le projet vise à accompagner les actions de préservation et de restauration des infrastructures vertes et bleues dans la région Auvergne-Rhône-Alpes, en utilisant les financements européens du FEDER. Les bénéficiaires éligibles sont les organismes publics, les collectivités territoriales et leurs groupements, les associations, les chambres consulaires et les syndicats mixtes. Les candidatures peuvent être déposées sur le portail e-synergie, après vérification de l'éligibilité du projet auprès de l'autorité de gestion.",NA,NA,"- Mise en œuvre d’une stratégie territoriale de préservation et de restauration de la trame verte et bleue.
- Opérations coordonnées pour la préservation et la restauration des infrastructures vertes et bleues.
- Candidats éligibles: organismes publics, collectivités territoriales et leurs groupements, associations, chambres consulaires, syndicats mixtes.
- Territoires éligibles: Région Auvergne-Rhône-Alpes.
- Contactez l'autorité de gestion pour vérifier l'éligibilité du projet et être accompagné.
- Déposez la demande sur le portail e-synergie.
- Téléchargez le Document de Mise en Œuvre (DOMO) correspondant.",NA,"Contact name: Région Auvergne-Rhône-Alpes | Direction des Fonds Européens
Contact address: 101 cours Charlemagne CS 20033 69269 LYON CEDEX 02 France
Contact email: NA
Contact phone: NA",https://www.europeenauvergnerhonealpes.fr/aides-europeennes/accompagner-les-actions-de-preservation-et-de-restauration-des-infrastructures
Améliorer l’accessibilité des soins en Auvergne-Rhône-Alpes (DOMO_TA_4.4.5.1),NA,"Le projet vise à améliorer l'accessibilité des soins en Auvergne-Rhône-Alpes en soutenant des investissements dans des équipements de santé, des aménagements nécessaires à leur installation et des infrastructures de santé. Les bénéficiaires éligibles sont les établissements publics de santé, les ESPIC et les établissements de santé privés à but non lucratif.",NA,NA,"1. The project should aim to improve the accessibility of healthcare services in Auvergne-Rhône-Alpes.
2. The project should support investments in healthcare equipment and necessary installations, including new equipment or the replacement of existing equipment with more efficient ones.
3. The project should support investments in healthcare infrastructure buildings.
4. Only certain types of healthcare institutions are eligible to apply, including public healthcare institutions (except the Regional University Hospitals), private healthcare institutions of collective interest, and non-profit private healthcare institutions.
5. Applicants should contact the management authority to verify the eligibility of their project and receive guidance before submitting their application.
6. The application should be submitted through the e-synergie portal.
7. The contact information for the Regional Auvergne-Rhône-Alpes and the European Funds Department should be provided.
8. The Document of Implementation (DOMO) corresponding to the project can be downloaded.
9. The project should comply with the accessibility requirements and regulations.
10. The project should comply with data protection laws and regulations.",NA,"Contact information: 
Région Auvergne-Rhône-Alpes | Direction des Fonds Européens 
101 cours Charlemagne 
CS 20033 
69269 LYON CEDEX 02 
France",https://www.europeenauvergnerhonealpes.fr/aides-europeennes/ameliorer-l-accessibilite-des-soins-en-auvergne-rhone-alpes-domota4451
Soutenir les projets de tourisme social et éducatif (DOMO_TA_4.4.6.2),NA,"The project aims to support social and educational tourism projects, specifically those related to vacation centers, vacation villages, international stay centers, and youth hostels. The goal is to promote social inclusion by providing access to tourism for all, attracting new customers in the future, and sustaining the economy of tourist areas. The FEDER will provide funding for investment projects and their pre-operational studies that contribute to the maintenance and improvement of tourist accommodation and educational stays.",NA,NA,"- Projects must be related to social and educational tourism.
- Projects must involve investment and pre-operational studies.
- Eligible candidates include territorial communities, their associations and operators, mixed economy companies, associations, and SMEs.",NA,Contactez la Région Auvergne-Rhône-Alpes | Direction des Fonds Européens.,https://www.europeenauvergnerhonealpes.fr/aides-europeennes/soutenir-les-projets-de-tourisme-social-et-educatif-domota4462
Lutter contre les inondations (DOMO_TA_8.5.2.1),NA,"Le projet vise à renforcer la capacité du territoire à faire face au risque d'inondation en développant des outils d'aide à la décision, en favorisant la résilience des territoires, en sensibilisant les publics et en réduisant les dommages causés par les inondations. Il est ouvert aux candidats éligibles tels que les collectivités locales, l'Etat, les universités, les PME, les associations, etc. Les candidatures peuvent être déposées sur le portail e-synergie, après vérification d'éligibilité auprès de l'autorité de gestion.",NA,NA,"- Improve knowledge of the risk and develop decision support tools
- Foster resilience of territories through investments to reduce damage costs, minimize dysfunction, and promote activity recovery
- Raise awareness among the public about the risk of flooding and its implications
- Eligible candidates: Local authorities, their groups and operators, the State and its agencies, universities and research laboratories, SMEs and business federations, associations, chambers of commerce
- Eligible territories: Rhône-Saône region",NA,"Contact Name: Région Auvergne-Rhône-Alpes | Direction des Fonds Européens
Contact Email: NA
Contact Phone: NA",https://www.europeenauvergnerhonealpes.fr/aides-europeennes/lutter-contre-les-inondations-domota8521
Améliorer la préservation de la biodiversité spécifique (DOMO_TA_8.5.2.2),NA,Les actions soutenues visent à préserver et restaurer la biodiversité et les fonctionnalités écologiques du Rhône et de la Saône.,NA,NA,"- The project aims to preserve and restore the biodiversity and ecological functions of the Rhône and Saône rivers.
- Eligible candidates include local authorities, their associations, operators, and representatives, as well as state agencies, universities, research laboratories, environmental or research mission associations, and consular bodies.
- The project must be submitted through the e-synergie portal.
- Interested parties should contact the managing authority to verify the eligibility of their project and receive guidance.
- The project must align with the objectives and guidelines outlined in the Document de Mise en Œuvre (DOMO).",NA,"Contactez l’autorité de gestion avant tout dépôt de dossier pour vérifier l’éligibilité de votre projet et être accompagné.

Région Auvergne-Rhône-Alpes | Direction des Fonds Européens
101 cours Charlemagne
CS 20033
69269 LYON CEDEX 02
France",https://www.europeenauvergnerhonealpes.fr/aides-europeennes/ameliorer-la-preservation-de-la-biodiversite-specifique-domota8522
Améliorer la compétitivité et accompagner la transition énergétique et écologique du transport fluvial et des ports (DOMO_TA_8.5.2.3),NA,"Les actions soutenues visent à renforcer la compétitivité, la transition énergétique et écologique du transport fluvial et des ports.",NA,NA,"- Renforcer la compétitivité, la transition énergétique et écologique du transport fluvial et des ports
- Candidats éligibles : collectivités locales, leurs groupements, leurs opérateurs et leurs mandataires, l'Etat et ses agences et établissements publics, universités, établissements d'enseignement supérieur, laboratoires de recherche, PME, TPE et fédérations d'entreprises, organismes consulaires, associations
- Territoires éligibles : non spécifié",NA,"Contact information: 
Région Auvergne-Rhône-Alpes
Address: 101 cours Charlemagne, CS 20033, 69269 LYON CEDEX 02, France
Website: [regionaura.eu](https://www.auvergnerhonealpes.fr/)
Email: NA
Phone: NA",https://www.europeenauvergnerhonealpes.fr/aides-europeennes/ameliorer-la-competitivite-et-accompagner-la-transition-energetique-et-ecologique
Développer un tourisme durable le long du Rhône et de la Saône (DOMO_TA_8.5.2.4),NA,"The project aims to develop sustainable tourism along the Rhône and Saône rivers, specifically focusing on cycling routes and public services along the ""ViaRhôna"" and ""La Voie Bleue, Moselle Saône à vélo"" routes. It is funded by the European Regional Development Fund (ERDF) and eligible applicants include local authorities, their groups and operators, as well as SMEs, associations, and tourism offices. The project is managed by the Region Auvergne-Rhône-Alpes and interested parties should contact them for eligibility and application process details.",NA,NA,"- The project must focus on developing sustainable tourism along the Rhône and Saône rivers.
- The project must involve the improvement of cycling routes and public services along the ViaRhôna and Moselle Saône à Vélo.
- Eligible candidates include local authorities, their groups, operators, and representatives, as well as state agencies and public institutions, SMEs and business federations, associations, and tourism offices.
- The project must be submitted through the e-synergie portal.
- Applicants must contact the managing authority to verify the eligibility of their project and receive support.
- The project must be implemented in the Auvergne-Rhône-Alpes region.",NA,NA,https://www.europeenauvergnerhonealpes.fr/aides-europeennes/developper-un-tourisme-durable-le-long-du-rhone-et-de-la-saone-domota8524
Accompagner la création/reprise d’entreprises au bénéfice de l’employabilité des publics (DOMO_TA_9.4.1.1),NA,The FSE+ supports structures that accompany creators/repreneurs in their business creation/recovery projects.,NA,NA,"- Structures accompagnant des créateurs/repreneurs dans leur projet de création/reprise d'entreprise (hors monde agricole)
- Organismes consulaires structurées à un niveau régional
- Associations
- Agences régionales
- Collectivités territoriales et leurs groupements
- Entreprises
- Coopératives d'activités et d'emplois
- Vérifier l'éligibilité du projet et être accompagné par l'autorité de gestion avant tout dépôt de dossier
- Déposer la demande sur le portail e-synergie
- Télécharger le Document de Mise en Œuvre (DOMO) correspondant",NA,"Contactez la Région Auvergne-Rhône-Alpes au 101 cours Charlemagne, CS 20033, 69269 LYON CEDEX 02, France.",https://www.europeenauvergnerhonealpes.fr/aides-europeennes/accompagner-la-creationreprise-d-entreprises-au-benefice-de-l-employabilite-des
Accompagner le développement de l’économie sociale et solidaire (ESS) (DOMO_TA_9.4.1.2),NA,Le FSE+ soutient les structures créant un contrat à durée indéterminée (CDI) dont l'objectif est de développer l’activité ESS de la structure et les projets d’entrepreneuriat permettant la reprise de leur entreprise par les salariés.,NA,NA,"- The project must create permanent job contracts (CDIs).
- The objective is to develop the social and solidarity economy (ESS) activity of the structure.
- The project must support entrepreneurship initiatives that allow employees to take over their businesses.
- Eligible candidates include associations, SCOP or SCIC, cooperatives, ESUS, social utility commercial companies, and local authorities.
- The project must be submitted through the e-synergie portal.
- Contact the management authority for eligibility verification and support before submitting the application.
- Download the corresponding Document de Mise en Œuvre (DOMO) for more information.
- The project must be related to the education, training, and sustainable employment or the social and solidarity economy (ESS) themes.",NA,NA,https://www.europeenauvergnerhonealpes.fr/aides-europeennes/accompagner-le-developpement-de-l-economie-sociale-et-solidaire-ess-domota9412
Soutenir les actions d’accompagnement en faveur des jeunes sans solution (DOMO_TA_9.4.6.1),NA,"Le FSE+ soutient les actions collectives et les actions de formation, de pré-apprentissage et de remise en formation, notamment à destination des jeunes pour faciliter leur future intégration professionnelle, les actions de prévention du décrochage et/ou en faveur du raccrochage pour les jeunes déscolarisés, sans solution et les actions déployant des services de médiation active permettant l’intégration professionnelle durable des jeunes.",NA,NA,"- Actions collectives et actions de formation, de pré-apprentissage et de remise en formation
- Actions de prévention du décrochage et/ou en faveur du raccrochage pour les jeunes déscolarisés, sans solution
- Actions déployant des services de médiation active permettant l’intégration professionnelle durable des jeunes.
- Les établissements scolaires, les organismes consulaires et les associations sont éligibles.
- Les candidats doivent contacter l’autorité de gestion avant de déposer leur demande de dossier pour vérifier l’éligibilité de leur projet et être accompagnés.
- Le dépôt de demande se fait sur le portail e-synergie.
- Les ressources téléchargeables incluent le Document de Mise en Œuvre (DOMO) correspondant.",NA,"Contact information: 

Région Auvergne-Rhône-Alpes | Direction des Fonds Européens
Address: 101 cours Charlemagne, CS 20033, 69269 LYON CEDEX 02, France
Email: NA
Phone: NA",https://www.europeenauvergnerhonealpes.fr/aides-europeennes/soutenir-les-actions-d-accompagnement-en-faveur-des-jeunes-sans-solution
Développer et promouvoir l’orientation vecteur d’insertion professionnelle durable (DOMO_TA_9.4.6.2),NA,"Le projet vise à développer et promouvoir l'orientation professionnelle durable en fournissant des financements pour l'information, l'orientation et la promotion des métiers. Les candidats éligibles comprennent les établissements scolaires et d'enseignement supérieur, les organismes consulaires, les acteurs de l'accueil, de l'information, de l'orientation et de l'emploi, les collectivités territoriales, les associations et les groupements d'intérêt public. Les territoires éligibles sont ceux de la région Auvergne-Rhône-Alpes. Les candidats intéressés doivent contacter l'autorité de gestion avant de déposer leur demande sur le portail e-synergie.",NA,NA,"- Projects must focus on information, orientation, and promotion of careers.
- Eligible applicants include educational institutions, chambers of commerce, employment-related organizations, local authorities, associations, and public interest groups.
- The project must be submitted through the e-synergie portal.
- Applicants are advised to contact the managing authority before submitting their proposal to confirm eligibility and receive support.
- The region's European Funds Directorate can be contacted for resources and assistance.
- The corresponding Document of Implementation (DOMO) can be downloaded for reference.",NA,"Autorité de gestion:
Région Auvergne-Rhône-Alpes

Contact:
Région Auvergne-Rhône-Alpes | Direction des Fonds Européens
Adresse: 101 cours Charlemagne, CS 20033, 69269 LYON CEDEX 02, France
Email: [No email provided]
Phone: [No phone number provided]",https://www.europeenauvergnerhonealpes.fr/aides-europeennes/developper-et-promouvoir-l-orientation-vecteur-d-insertion-professionnelle
Soutenir et développer les parcours de formation (DOMO_TA_9.4.7.1),NA,Le projet vise à offrir une formation adaptée et/ou l'acquisition de savoirs et compétences aux demandeurs d'emploi en difficulté d'insertion professionnelle afin de favoriser leur insertion durable sur le marché du travail.,NA,NA,"- The FSE+ aims to provide tailored training and/or the acquisition of knowledge and skills to unemployed individuals facing difficulties in professional integration.
- The actions supported by the FSE+ should promote access to training for people with disabilities.
- Eligible candidates include professional bodies, local authorities, associations, and the National Agency for Adult Vocational Training (AFPA).
- The project must be submitted through the e-synergy portal.
- Interested parties should contact the managing authority to verify project eligibility and receive support.
- The project must align with the objectives of the Education, Training, and Sustainable Employment theme, as well as the Formation, Guidance, and Professional Pathways theme.
- The eligible territory for this funding is the Auvergne-Rhône-Alpes region.
- The Document of Implementation (DOMO) corresponding to this project can be downloaded.
- The contact information for the Regional Directorate of European Funds is provided.",NA,Contactez l'autorité de gestion avant tout dépôt de dossier pour vérifier l'éligibilité de votre projet et être accompagné.,https://www.europeenauvergnerhonealpes.fr/aides-europeennes/soutenir-et-developper-les-parcours-de-formation-domota9471
Accompagner aux reconversions et mobilités professionnelles,NA,"The FSE+ aims to support anticipating changes and new skills requirements based on the labor market needs, facilitate professional transitions, and promote professional mobility.",NA,NA,"- Soutenir l'anticipation des changements et les nouvelles exigences en matière de compétences fondées sur les besoins du marché du travail
- Faciliter les transitions professionnelles
- Promouvoir la mobilité professionnelle",NA,Contactez la Région Auvergne-Rhône-Alpes | Direction des Fonds Européens.,https://www.europeenauvergnerhonealpes.fr/aides-europeennes/accompagner-aux-reconversions-et-mobilites-professionnelles-domota9472
Promouvoir et former aux métiers de la santé et du sanitaire et social,NA,"Le projet vise à promouvoir et former aux métiers de la santé, du sanitaire et du social grâce au soutien du Fonds Social Européen (FSE+). Les organismes de formation, les collectivités territoriales, les associations et les acteurs du secteur social et médico-social sont éligibles pour bénéficier de cet investissement dans le capital humain. Le projet est géré par la Région Auvergne-Rhône-Alpes.",NA,NA,"- Supports investment in human capital
- Focuses on public health
- Reinforces training in the health and social sectors
- Open to accredited training organizations, local authorities, associations, and social and healthcare sector actors
- Eligible territories: Auvergne-Rhône-Alpes region
- Application procedure: Contact the managing authority before submitting a dossier to verify eligibility and receive assistance
- Resources and contacts: Regional Directorate of European Funds
- Downloadable resource: Document of Implementation (DOMO)
- Address of the Regional Directorate: 101 cours Charlemagne, CS 20033, 69269 LYON CEDEX 02, France
- Contact information: Contact the Region
- Information on EU funds, programs, calls for projects, and beneficiary profiles
- Financing projects, submitting financing applications, tracking applications, communicating about projects, submitting payment requests
- Access to e-synergie platform and glossary.",NA,"Région Auvergne-Rhône-Alpes
101 cours Charlemagne
CS 20033
69269 LYON CEDEX 02
France",https://www.europeenauvergnerhonealpes.fr/aides-europeennes/promouvoir-et-former-aux-metiers-de-la-sante-et-du-sanitaire-et-social
Promouvoir et développer l’attractivité (DOMO_TA_7.5.2.6),NA,"Le projet vise à promouvoir et développer l'attractivité du territoire du Massif central en maintenant la population sur les territoires et en favorisant l'installation privée et professionnelle des nouveaux habitants. Les candidats éligibles à recevoir des aides européennes dans le cadre de ce projet sont les collectivités territoriales, leurs groupements, leurs opérateurs, les associations, les établissements publics, les chambres consulaires, les syndicats professionnels et les parcs naturels régionaux. Le dépôt des candidatures est ouvert et une procédure de demande d'aide est mise en place. Les candidats doivent contacter l'autorité de gestion et déposer leur demande sur le portail e-synergie. Les ressources et contacts pour obtenir plus d'informations sont disponibles auprès de la Région Auvergne-Rhône-Alpes.",NA,NA,"- Promotion and development of attractiveness of the Massif central territory
- Maintenance and increase of population in the territory
- Creation of favorable conditions for private and professional installation
- Eligible candidates include territorial authorities, their groups, operators, associations, public establishments, chambers of commerce, professional syndicates, and regional natural parks
- Availability of funding and resources through the FEDER program
- Contact the managing authority for eligibility verification and assistance in the application process",NA,Contactez la Région Auvergne-Rhône-Alpes | Direction des Fonds Européens.,https://www.europeenauvergnerhonealpes.fr/aides-europeennes/promouvoir-et-developper-l-attractivite-domota7526
Soutenir le désenclavement du Massif central (DOMO_TA_7.5.2.4),NA,"Le projet vise à soutenir le désenclavement du Massif central en développant la mobilité à l'échelle des bassins de vie et des traversées dans la région. Les candidats éligibles sont les collectivités territoriales, leurs groupements, leurs opérateurs, les associations, les Parcs naturels régionaux et les PME. Les candidatures peuvent être déposées sur le portail e-synergie.",NA,NA,"- Project must focus on the Massif central region and contribute to its mobility and connectivity.
- Eligible candidates include territorial collectivities, associations, natural regional parks, and small and medium-sized enterprises (PME).
- Applicants must contact the managing authority to verify project eligibility and receive support.
- Application must be submitted through the e-synergie portal.
- The project must align with the objectives and guidelines outlined in the Document de Mise en Œuvre (DOMO).
- The project must be in line with the regional and interregional administrative context and aim to improve mobility at the scale of living areas and crossings.
- Funding is provided by the European FEDER program.
- The project must contribute to the development of the Massif central region, reducing its isolation and improving access to surrounding urban areas.
- The deadline for submitting applications is open.",NA,"Contact: Région Auvergne-Rhône-Alpes | Direction des Fonds Européens
Email: NA
Phone: NA
Address: 101 cours Charlemagne, CS 20033, 69269 LYON CEDEX 02, France",https://www.europeenauvergnerhonealpes.fr/aides-europeennes/soutenir-le-desenclavement-du-massif-central-domota7524
Enrayer la perte de biodiversité des écosystèmes emblématiques du Massif central,NA,Enrayer la perte de biodiversité des écosystèmes emblématiques du Massif central.,NA,NA,"- Enrayer la perte de biodiversité des écosystèmes emblématiques du Massif central
- Candidats éligibles : Collectivités territoriales, leurs groupements et leurs opérateurs, Associations, Etablissements publics, Chambres consulaires, Syndicats professionnels, Parcs naturels régionaux
- Procédure de demande d'aide : Contactez l'autorité de gestion avant tout dépôt de dossier pour vérifier l'éligibilité de votre projet et être accompagné, Déposez votre demande sur le portail e-synergie",NA,Contactez la Région Auvergne-Rhône-Alpes | Direction des Fonds Européens.,https://www.europeenauvergnerhonealpes.fr/aides-europeennes/enrayer-la-perte-de-biodiversite-des-ecosystemes-emblematiques-du-massif-central
Accompagner l'adaptation aux changements climatiques notamment de la gestion durable de l'eau.,NA,"Le projet vise à accompagner l'adaptation aux changements climatiques, en particulier dans la gestion durable de l'eau. Les candidats éligibles sont les collectivités territoriales et leurs groupements, les associations, les établissements publics, les chambres consulaires, les syndicats professionnels, les syndicats mixtes et les parcs naturels régionaux. Les territoires éligibles sont ceux de la région Auvergne-Rhône-Alpes. Les candidatures peuvent être déposées sur le portail e-synergie après avoir contacté l'autorité de gestion pour vérifier l'éligibilité du projet.",NA,NA,"- Projets permettant l'adaptation des territoires, activités et milieux au changement climatique
- Projets visant à garantir un usage durable de la ressource en eau
- Candidats éligibles : collectivités territoriales, associations, établissements publics, chambres consulaires, syndicats professionnels, syndicats mixtes, parcs naturels régionaux
- Contactez l'autorité de gestion pour vérifier l'éligibilité du projet et être accompagné
- Déposez votre demande sur le portail e-synergie
- Téléchargez le Document de Mise en Œuvre (DOMO) correspondant",NA,Contactez la Région Auvergne-Rhône-Alpes | Direction des Fonds Européens.,https://www.europeenauvergnerhonealpes.fr/aides-europeennes/accompagner-l-adaptation-aux-changements-climatiques-notamment-de-la-gestion
Soutenir les filières spécifiques (DOMO_TA_7.5.2.1),NA,"Le projet vise à soutenir les filières spécifiques du Massif Central, notamment le bois, le textile (dont le cuir et la laine) et la pierre. L'objectif est d'améliorer l'accès aux marchés pour les PME de la région en valorisant les ressources locales. Les candidats éligibles comprennent les collectivités territoriales, les associations, les établissements publics, les chambres consulaires, les syndicats professionnels, les instituts de recherche, les parcs naturels régionaux, les pôles d'innovation et les clusters. Les demandes d'aide doivent être déposées sur le portail e-synergie après avoir vérifié l'éligibilité du projet auprès de l'autorité de gestion.",NA,NA,"- Support specific sectors: wood, textile (including leather and wool), and stone
- Improve access to markets for SMEs
- Eligible applicants: local authorities, associations, public institutions, chambers of commerce, professional syndicates, applied research institutes, regional natural parks, innovation centers, competitiveness clusters, and SMEs
- Contact the managing authority to verify project eligibility before submitting an application
- Submit applications through the e-synergie portal",NA,NA,https://www.europeenauvergnerhonealpes.fr/aides-europeennes/soutenir-les-filieres-specifiques-domota7521
Développer l'immobilier d’entreprises (DOMO_TA_10.8.1.5),NA,"Permettre aux régions et aux personnes de faire face aux conséquences sociales, économiques, environnementales et en matière d’emploi de la transition vers les objectifs spécifiques de l’Union pour 2030 en matière d’énergie et de climat et vers une économie de l’Union neutre pour le climat à l’horizon 2050, sur la base de l’accord de Paris.",NA,NA,"- The project should address the social, economic, environmental, and employment consequences of transitioning to the Union's specific energy and climate objectives for 2030 and a climate-neutral economy by 2050, based on the Paris Agreement.
- Eligible candidates include territorial collectives, their groups and operators, the State, its agencies and public establishments, associations, SMEs, and research and knowledge dissemination organizations.
- Applicants must contact the managing authority before submitting their application to verify the eligibility of their project and receive assistance.
- The application must be submitted through the e-synergy portal.
- The project must be implemented in the Auvergne-Rhône-Alpes region.",NA,Contactez la Région Auvergne-Rhône-Alpes | Direction des Fonds Européens.,https://www.europeenauvergnerhonealpes.fr/aides-europeennes/developper-l-immobilier-d-entreprises-domota10815
Soutenir l'investissement dans la formation (DOMO_TA_10.8.1.4),NA,"Le projet vise à soutenir l'investissement dans la formation pour permettre aux régions et aux personnes de faire face aux conséquences de la transition vers les objectifs de l'Union pour 2030 en matière d'énergie et de climat et vers une économie neutre pour le climat à l'horizon 2050. Les candidats éligibles sont les collectivités territoriales, les PME, les associations, les établissements publics, les organismes de formation et les territoires éligibles. Le dépôt de candidature se fait sur le portail e-synergie.",NA,NA,"- The project aims to support investment in training and education.
- The project is open to various eligible candidates, including: local authorities, SMEs, associations, universities, and training centers.
- The project is focused on addressing the social, economic, environmental, and employment consequences of the transition towards the Union's energy and climate objectives.
- The project is part of the Regional FEDER/FSE+/FTJ 2021-2027 program.
- Applicants need to contact the managing authority to check the eligibility of their project and to receive support.
- Applications should be submitted through the e-synergie portal.
- The project is managed by the Regional Directorate of European Funds in Auvergne-Rhône-Alpes.",NA,"Contact information: 

Région Auvergne-Rhône-Alpes
101 cours Charlemagne
CS 20033
69269 LYON CEDEX 02
France",https://www.europeenauvergnerhonealpes.fr/aides-europeennes/soutenir-l-investissement-dans-la-formation-domota10814
Accompagner l'écologie industrielle et territoriale (DOMO_TA_10.8.1.3),NA,"Permettre aux régions et aux personnes de faire face aux conséquences sociales, économiques, environnementales et en matière d’emploi de la transition vers les objectifs spécifiques de l’Union pour 2030 en matière d’énergie et de climat et vers une économie de l’Union neutre pour le climat à l’horizon 2050, sur la base de l’accord de Paris.",NA,NA,"- Permettre aux régions et aux personnes de faire face aux conséquences sociales, économiques, environnementales et en matière d'emploi de la transition vers les objectifs spécifiques de l'Union pour 2030 en matière d'énergie et de climat et vers une économie de l'Union neutre pour le climat à l'horizon 2050.
- Candidats éligibles: PME, collectivités territoriales, leurs groupements et leurs opérateurs, associations.
- Territoires éligibles.
- Contactez l'autorité de gestion avant tout dépôt de dossier pour vérifier l'éligibilité de votre projet et être accompagné.
- Date(s) de dépôt des candidatures: Ouvert.
- Déposez votre demande sur le portail e-synergie.",NA,Contactez la Région Auvergne-Rhône-Alpes | Direction des Fonds Européens.,https://www.europeenauvergnerhonealpes.fr/aides-europeennes/accompagner-l-ecologie-industrielle-et-territoriale-domota10813
Renforcer la compétitivité et la croissance des entreprises (DOMO_TA_10.8.1.2),NA,"Permettre aux régions et aux personnes de faire face aux conséquences sociales, économiques, environnementales et en matière d’emploi de la transition vers les objectifs spécifiques de l’Union pour 2030 en matière d’énergie et de climat et vers une économie de l’Union neutre pour le climat à l’horizon 2050, sur la base de l’accord de Paris.",NA,NA,"- Permettre aux régions et aux personnes de faire face aux conséquences sociales, économiques, environnementales et en matière d’emploi de la transition vers les objectifs spécifiques de l’Union pour 2030 en matière d’énergie et de climat et vers une économie de l’Union neutre pour le climat à l’horizon 2050, sur la base de l’accord de Paris.",NA,"Contact:
Région Auvergne-Rhône-Alpes | Direction des Fonds Européens
101 cours Charlemagne
CS 20033
69269 LYON CEDEX 02
France",https://www.europeenauvergnerhonealpes.fr/aides-europeennes/renforcer-la-competitivite-et-la-croissance-des-entreprises-domota10812
"Soutenir la recherche, le développement et l'innovation (DOMO_TA_10.8.1.1)",NA,"Le projet vise à soutenir la recherche, le développement et l'innovation dans la région Auvergne-Rhône-Alpes afin de faire face aux conséquences sociales, économiques, environnementales et en matière d'emploi de la transition vers les objectifs de l'Union européenne pour 2030 en matière d'énergie et de climat. Cela inclut la création d'une économie neutre pour le climat à l'horizon 2050, conformément à l'accord de Paris. Les candidats éligibles à ce projet comprennent les organismes de recherche et de diffusion des connaissances, les petites et grandes entreprises, ainsi que les pôles d'innovation qui ont une personnalité juridique propre.",NA,NA,"- The project aims to support research, development, and innovation related to the transition towards specific energy and climate objectives set by the European Union for 2030 and a climate-neutral economy by 2050.
- Eligible candidates include research and knowledge dissemination organizations, Small and Medium Enterprises (SMEs), Large Enterprises, and innovation clusters with legal personality.
- The project must be submitted through the e-synergie portal.
- Interested parties should contact the managing authority to verify project eligibility and receive support before submitting their application.",NA,Contactez la Région Auvergne-Rhône-Alpes | Direction des Fonds Européens.,https://www.europeenauvergnerhonealpes.fr/aides-europeennes/soutenir-la-recherche-le-developpement-et-l-innovation-domota10811
